Working_Year,Designation,Experience,Employment_Status,Salary_In_Rupees,Employee_Location,Company_Location,Company_Size,Remote_Working_Ratio,Salary_USD,Job_Category,date_of_response
2020,Machine Learning Scientist,SE,FT,2.07E+07,JP,JP,S,0,248256.84,Machine Learning,1/7/2020
2020,Big Data Engineer,SE,FT,8.68E+06,GB,GB,M,50,104099.82,Data Engineering,9/19/2020
2020,Product Data Analyst,MI,FT,1.59E+06,HN,HN,S,0,19096.68,Data Analytics,11/21/2020
2020,Machine Learning Engineer,SE,FT,1.19E+07,US,US,L,50,143225.1,Machine Learning,11/29/2020
2020,Data Analyst,EN,FT,5.73E+06,US,US,L,100,68748.048,Data Analytics,9/7/2020
2020,Lead Data Scientist,SE,FT,1.51E+07,US,US,S,100,181418.46,Data Science,8/4/2020
2020,Data Scientist,MI,FT,2.84E+06,HU,HU,L,50,34120.992,Data Science,5/27/2020
2020,Business Data Analyst,MI,FT,1.07E+07,US,US,L,100,128902.596,Data Analytics,10/13/2020
2020,Lead Data Engineer,SE,FT,9.95E+06,NZ,NZ,S,50,119354.256,Data Engineering,5/23/2020
2020,Data Scientist,MI,FT,3.22E+06,IN,IN,L,0,38652.636,Data Science,10/15/2020
2020,Data Scientist,EN,FT,3.18E+06,FR,FR,M,0,38113.152,Data Science,11/7/2020
2020,Lead Data Analyst,MI,FT,6.92E+06,US,US,L,100,83070.564,Data Analytics,8/15/2020
2020,Data Analyst,MI,FT,6.76E+06,US,US,L,100,81160.896,Data Analytics,3/16/2020
2020,Data Engineer,EN,FT,3.32E+06,JP,JP,S,100,39806.076,Data Engineering,10/8/2020
2020,Big Data Engineer,SE,FT,9.08E+06,PL,GB,S,100,108895.956,Data Engineering,5/2/2020
2020,BI Data Analyst,MI,FT,7.80E+06,US,US,M,0,93573.732,Data Analytics,5/24/2020
2020,Lead Data Scientist,MI,FT,9.15E+06,AE,AE,L,0,109805.916,Data Science,4/19/2020
2020,Data Engineer,SE,FT,2.67E+06,MX,MX,S,0,31997.448,Data Engineering,5/11/2020
2020,Business Data Analyst,EN,CT,7.96E+06,US,US,L,100,95483.4,Data Analytics,9/25/2020
2020,Machine Learning Manager,SE,FT,9.32E+06,CA,CA,L,50,111814.884,Machine Learning,4/26/2020
2020,Big Data Engineer,EN,FT,5.57E+06,US,US,L,100,66838.38,Data Engineering,8/20/2020
2020,Data Scientist,SE,FT,5.45E+06,GR,US,L,100,65337.384,Data Science,7/10/2020
2020,Research Scientist,MI,FT,3.58E+07,US,US,M,0,429675.3,Other,11/15/2020
2020,Data Analyst,MI,FT,3.72E+06,FR,FR,L,50,44647.08,Data Analytics,10/9/2020
2020,Data Engineer,MI,FT,5.90E+06,AT,AT,L,50,70781.844,Data Engineering,8/24/2020
2020,Machine Learning Engineer,EN,FT,1.99E+07,US,US,L,50,238708.5,Machine Learning,2/21/2020
2020,Machine Learning Engineer,EN,FT,1.10E+07,US,US,S,100,131767.092,Machine Learning,2/4/2020
2020,Data Engineering Manager,EX,FT,6.35E+06,ES,ES,L,50,76227.264,Data Engineering,4/10/2020
2020,Data Engineer,MI,FT,8.43E+06,US,US,L,100,101212.404,Data Engineering,11/17/2020
2020,Data Scientist,MI,FT,6.12E+06,GB,GB,S,100,73482.12,Data Science,7/8/2020
2020,Data Scientist,MI,FT,8.36E+06,US,US,L,100,100257.576,Data Science,11/21/2020
2020,Data Engineer,MI,FT,5.58E+06,FR,FR,L,50,66971.1,Data Engineering,1/9/2020
2020,Data Analyst,EN,FT,7.24E+06,US,US,L,100,86889.9,Data Analytics,6/19/2020
2020,Data Engineer,EN,FT,4.36E+06,PK,DE,L,100,52269.528,Data Engineering,4/5/2020
2020,Principal Data Scientist,SE,FT,1.18E+07,DE,DE,M,100,141564.648,Data Science,11/23/2020
2020,Data Scientist,MI,FT,3.09E+06,ES,ES,M,100,37024.644,Data Science,1/5/2020
2020,Data Scientist,SE,FT,9.55E+06,US,US,L,50,114580.08,Data Science,1/25/2020
2020,Data Scientist,MI,FT,1.10E+07,US,US,M,100,132101.28,Data Science,10/20/2020
2020,Data Engineer,MI,FT,1.04E+07,ES,US,M,100,124892.292,Data Engineering,8/1/2020
2020,Data Scientist,EN,PT,1.72E+06,IT,IT,S,50,20690.292,Data Science,10/25/2020
2020,Machine Learning Engineer,SE,FT,3.63E+06,HR,HR,S,100,43557.612,Machine Learning,3/26/2020
2020,Data Scientist,EN,FT,4.99E+06,DE,DE,S,50,59892.912,Data Science,10/13/2020
2020,Data Science Manager,SE,FT,1.51E+07,US,US,M,100,181609.428,Managerial,3/10/2020
2020,Data Scientist,EN,FT,8.36E+06,US,US,S,100,100257.576,Data Science,11/24/2020
2020,Data Scientist,SE,FT,7.26E+06,AT,AT,S,0,87116.184,Data Science,11/7/2020
2020,Data Scientist,MI,FT,3.36E+06,FR,FR,S,50,40291.128,Data Science,7/3/2020
2021,BI Data Analyst,EX,FT,1.19E+07,IN,US,L,100,143225.1,Data Analytics,4/19/2021
2021,Head of Data,EX,FT,1.87E+07,US,US,L,100,224385.996,Managerial,5/30/2021
2021,3D Computer Vision Researcher,MI,PT,4.30E+05,IN,IN,M,50,5164.692,Other,5/23/2021
2021,Data Analyst,EN,FT,6.37E+06,US,US,M,100,76386.72,Data Analytics,9/4/2021
2021,Data Engineer,MI,FT,1.11E+07,US,US,L,100,133676.76,Data Engineering,7/6/2021
2021,Applied Data Scientist,MI,FT,4.32E+06,GB,CA,L,50,51788.292,Data Science,9/30/2021
2021,Machine Learning Engineer,MI,FT,3.76E+06,ES,ES,S,100,45146.46,Machine Learning,1/15/2021
2021,Data Engineer,MI,FT,2.27E+06,PL,PL,L,100,27189.852,Data Engineering,1/24/2021
2021,Data Analyst,EN,FT,4.70E+06,FR,FR,M,50,56432.604,Data Analytics,9/5/2021
2021,Data Analytics Engineer,MI,FT,8.75E+06,US,US,L,100,105031.74,Data Analytics,1/13/2021
2021,Data Analyst,SE,FT,6.37E+06,BG,US,S,100,76386.72,Data Analytics,1/29/2021
2021,Data Science Consultant,EN,FT,6.11E+06,DE,DE,S,100,73362.756,Other,8/28/2021
2021,Lead Data Analyst,MI,FT,1.56E+06,IN,IN,L,100,18723.336,Data Analytics,10/20/2021
2021,Lead Data Engineer,SE,FT,2.20E+07,US,US,L,0,263534.184,Data Engineering,7/8/2021
2021,AI Scientist,EN,PT,9.55E+05,BR,US,S,100,11458.008,Machine Learning,10/13/2021
2021,Financial Data Analyst,MI,FT,3.58E+07,US,US,L,100,429675.3,Data Analytics,3/25/2021
2021,Computer Vision Software Engineer,EN,FT,5.57E+06,US,US,M,100,66838.38,Other,4/28/2021
2021,Computer Vision Software Engineer,MI,FT,7.62E+06,DE,US,S,100,91421.532,Other,1/25/2021
2021,Data Engineer,SE,FT,1.19E+07,US,US,L,100,143225.1,Data Engineering,10/9/2021
2021,BI Data Analyst,MI,FT,2.89E+06,HU,US,L,50,34621.332,Data Analytics,8/2/2021
2021,Data Analyst,MI,FT,4.93E+06,US,US,L,0,59199.708,Data Analytics,9/21/2021
2021,Research Scientist,MI,FT,1.49E+07,CA,CA,L,100,178975.992,Other,11/24/2021
2021,Data Engineer,SE,FT,9.15E+06,US,US,S,100,109805.916,Data Engineering,7/19/2021
2021,Data Engineer,EN,FT,2.42E+06,IN,IN,L,100,29053.692,Data Engineering,1/29/2021
2021,Director of Data Engineering,SE,FT,9.03E+06,GB,GB,M,100,108350.748,Data Engineering,7/24/2021
2021,Lead Data Engineer,SE,FT,8.21E+06,GB,GB,S,100,98500.68,Data Engineering,1/8/2021
2021,AI Scientist,EN,PT,9.55E+05,PK,US,M,100,11458.008,Machine Learning,6/8/2021
2021,Machine Learning Scientist,EN,FT,1.79E+07,US,US,L,100,214837.656,Machine Learning,9/5/2021
2021,Data Scientist,MI,FT,3.98E+06,NG,NG,L,100,47741.7,Data Science,4/22/2021
2021,Data Science Engineer,MI,FT,3.20E+06,GR,GR,M,100,38373.828,Other,7/19/2021
2021,Data Analyst,EN,FT,7.16E+06,US,US,S,100,85935.06,Data Analytics,9/24/2021
2021,Data Engineer,MI,FT,1.59E+07,US,US,L,100,190966.8,Data Engineering,2/21/2021
2021,Principal Data Engineer,SE,FT,1.59E+07,US,US,M,100,190966.8,Data Engineering,10/25/2021
2021,Data Analyst,EN,FT,3.98E+06,US,US,M,100,47741.7,Data Analytics,1/4/2021
2021,Applied Data Scientist,EN,FT,8.76E+06,GB,GB,L,0,105067.068,Data Science,6/18/2021
2021,Data Analyst,EN,PT,8.24E+05,ES,ES,M,50,9886.356,Data Analytics,6/7/2021
2021,Data Scientist,MI,FT,7.53E+05,IN,IN,S,0,9038.46,Data Science,8/26/2021
2021,Machine Learning Engineer,EN,FT,1.59E+06,IN,IN,S,100,19096.68,Machine Learning,11/12/2021
2021,Lead Data Scientist,SE,FT,3.23E+06,IN,IN,L,50,38737.62,Data Science,2/24/2021
2021,Data Scientist,EN,FT,3.95E+06,FR,FR,M,50,47403.684,Data Science,3/14/2021
2021,Data Scientist,EN,FT,7.96E+06,US,US,S,0,95483.4,Data Science,4/1/2021
2021,ML Engineer,MI,FT,5.07E+06,JP,JP,S,50,60833.424,Machine Learning,7/26/2021
2021,ML Engineer,MI,FT,6.16E+06,JP,JP,S,50,73869.78,Machine Learning,7/20/2021
2021,Principal Data Scientist,SE,FT,1.75E+07,US,US,L,0,210063.48,Data Science,7/9/2021
2021,Data Scientist,EN,FT,6.37E+06,US,US,M,100,76386.72,Data Science,8/26/2021
2021,Data Engineering Manager,SE,FT,1.19E+07,US,US,L,0,143225.1,Data Engineering,11/30/2021
2021,Data Scientist,MI,FT,6.56E+06,US,US,S,100,78773.808,Data Science,7/14/2021
2021,Machine Learning Engineer,SE,FT,6.58E+06,BE,BE,M,50,79006.788,Machine Learning,3/26/2021
2021,Research Scientist,MI,FT,4.99E+06,FR,FR,M,50,59819.4,Other,4/25/2021
2021,Data Engineering Manager,SE,FT,1.22E+07,US,US,L,100,146089.608,Data Engineering,6/25/2021
2021,Cloud Data Engineer,SE,FT,1.27E+07,BR,US,S,100,152773.44,Data Engineering,1/24/2021
2021,Data Scientist,MI,FT,1.19E+07,US,US,M,100,143225.1,Data Science,8/23/2021
2021,Data Scientist,EN,FT,1.07E+06,UA,UA,L,100,12794.772,Data Science,4/11/2021
2021,Data Science Engineer,SE,FT,1.01E+07,CA,CA,L,50,121474.932,Other,4/11/2021
2021,Applied Machine Learning Scientist,MI,FT,3.37E+07,US,US,L,50,403894.788,Machine Learning,4/15/2021
2021,Data Analytics Manager,SE,FT,9.55E+06,US,US,M,100,114580.08,Data Analytics,5/30/2021
2021,Machine Learning Engineer,EN,FT,9.95E+06,US,US,S,100,119354.256,Machine Learning,10/17/2021
2021,Head of Data Science,EX,FT,6.76E+06,RU,RU,M,0,81160.896,Managerial,4/8/2021
2021,Data Science Consultant,EN,FT,5.08E+06,DE,DE,L,50,60948.012,Other,3/9/2021
2021,Director of Data Science,EX,FT,1.04E+07,DE,DE,M,50,124153.248,Managerial,9/1/2021
2021,Data Engineer,EN,FT,6.37E+06,US,US,L,100,76386.72,Data Engineering,9/15/2021
2021,Director of Data Science,EX,FT,1.99E+07,US,US,L,0,238708.5,Managerial,11/20/2021
2021,Data Architect,MI,FT,1.19E+07,US,US,L,100,143225.1,Data Engineering,6/1/2021
2021,Data Analyst,EN,FT,4.77E+06,US,US,S,100,57290.04,Data Analytics,3/18/2021
2021,Principal Data Scientist,SE,FT,1.87E+07,US,US,L,100,224385.996,Data Science,1/26/2021
2021,Research Scientist,SE,FT,4.83E+06,PT,PT,L,50,58012.848,Other,6/6/2021
2021,Data Scientist,MI,FT,3.19E+06,CL,CL,L,100,38229.648,Data Science,4/30/2021
2021,Machine Learning Engineer,EN,FT,6.45E+06,US,US,S,50,77341.56,Machine Learning,8/1/2021
2021,Data Scientist,MI,FT,4.52E+05,IN,US,S,100,5422.5,Data Science,7/28/2021
2021,Data Scientist,MI,FT,7.22E+06,DE,DE,L,50,86635.908,Data Science,10/2/2021
2021,Finance Data Analyst,SE,FT,4.93E+06,GB,GB,L,50,59100.408,Data Analytics,11/5/2021
2021,Machine Learning Scientist,MI,FL,9.55E+05,PK,PK,M,50,11458.008,Machine Learning,2/4/2021
2021,Data Engineer,MI,FT,3.18E+05,IR,IR,M,100,3819.336,Data Engineering,10/4/2021
2021,Data Analytics Engineer,SE,FT,3.98E+06,VN,GB,M,100,47741.7,Data Analytics,9/4/2021
2021,Data Science Consultant,EX,FT,5.55E+06,FR,ES,S,100,66591.072,Other,8/9/2021
2021,Machine Learning Engineer,EN,FT,1.74E+06,CO,CO,M,50,20857.392,Machine Learning,8/13/2021
2021,Big Data Engineer,MI,FT,1.43E+06,MD,MD,S,0,17187.012,Data Engineering,3/15/2021
2021,Data Science Manager,SE,FT,1.39E+07,US,US,L,100,166141.116,Managerial,10/5/2021
2021,Research Scientist,SE,FT,7.65E+06,CA,CA,L,50,91771.956,Other,7/13/2021
2021,BI Data Analyst,EN,FT,7.38E+05,KE,KE,S,100,8853.216,Data Analytics,6/8/2021
2021,Machine Learning Engineer,SE,FT,1.94E+06,IN,IN,L,100,23242.572,Machine Learning,11/17/2021
2021,Data Science Consultant,EN,FT,7.16E+06,US,US,S,100,85935.06,Other,5/20/2021
2021,Machine Learning Infrastructure Engineer,SE,FT,1.55E+07,US,US,M,100,186192.636,Data Engineering,6/21/2021
2021,Data Scientist,MI,FT,3.01E+06,ES,ES,L,100,36116.592,Data Science,8/21/2021
2021,Research Scientist,SE,FT,3.98E+06,FR,US,S,100,47741.7,Other,2/9/2021
2021,Data Scientist,MI,FT,1.27E+07,US,US,L,100,152773.44,Data Science,4/29/2021
2021,Data Scientist,MI,FT,1.03E+06,BR,BR,S,0,12318.312,Data Science,4/22/2021
2021,Machine Learning Engineer,SE,FT,1.59E+07,US,US,L,100,190966.8,Machine Learning,4/30/2021
2021,Data Engineer,SE,FT,1.31E+07,US,US,M,0,157547.616,Data Engineering,7/23/2021
2021,Research Scientist,MI,FT,4.52E+06,FR,FR,S,50,54175.368,Other,9/2/2021
2021,Data Engineer,MI,FT,5.25E+06,HK,GB,S,50,63040.056,Data Engineering,11/11/2021
2021,Big Data Engineer,EN,FT,4.68E+05,IN,CH,L,0,5616.336,Data Engineering,3/20/2021
2021,Machine Learning Engineer,EN,FT,1.98E+06,DE,DE,M,50,23701.848,Machine Learning,6/1/2021
2021,Principal Data Engineer,SE,FT,1.47E+07,US,US,L,100,176644.296,Data Engineering,6/27/2021
2021,Data Scientist,MI,FT,7.22E+06,DE,DE,L,50,86635.908,Data Science,8/7/2021
2021,Machine Learning Engineer,MI,FT,7.05E+06,BE,BE,M,100,84649.848,Machine Learning,5/23/2021
2021,Data Analytics Manager,SE,FT,1.11E+07,US,US,L,100,133676.76,Data Analytics,7/1/2021
2021,Data Scientist,MI,FT,9.30E+06,GB,GB,L,50,111633.468,Data Science,7/13/2021
2021,Data Scientist,MI,FT,2.69E+06,IN,IN,M,0,32281.032,Data Science,7/18/2021
2021,Data Scientist,MI,FT,4.48E+06,GB,GB,L,50,53715.144,Data Science,1/20/2021
2021,Machine Learning Scientist,SE,FT,1.79E+07,US,CA,L,100,214837.656,Machine Learning,8/26/2021
2021,Data Scientist,SE,FT,6.98E+06,CA,CA,S,100,83775.228,Data Science,3/25/2021
2021,Data Scientist,MI,FT,7.05E+06,DE,DE,L,50,84649.848,Data Science,5/9/2021
2021,Data Analyst,SE,FT,5.71E+06,CA,CA,M,100,68543.712,Data Analytics,2/15/2021
2021,Director of Data Engineering,SE,FT,1.59E+07,US,US,L,100,190966.8,Data Engineering,9/18/2021
2021,Data Analyst,SE,FT,1.59E+07,US,US,L,100,190966.8,Data Analytics,7/7/2021
2021,Research Scientist,MI,FT,5.08E+06,CA,CA,M,100,60927.96,Other,8/11/2021
2021,Data Scientist,MI,FT,3.73E+06,ES,ES,M,100,44694.828,Data Science,2/25/2021
2021,Data Scientist,EN,FT,3.18E+05,VN,VN,M,0,3819.336,Data Science,3/11/2021
2021,Data Engineer,EN,FT,1.72E+06,IN,IN,M,50,20659.74,Data Engineering,2/7/2021
2021,Data Analyst,MI,FT,6.37E+06,US,US,L,100,76386.72,Data Analytics,9/15/2021
2021,Data Scientist,SE,FT,1.31E+07,US,US,L,100,157547.616,Data Science,3/5/2021
2021,AI Scientist,EN,FT,1.44E+06,IN,AS,S,100,17237.616,Machine Learning,6/26/2021
2021,Data Engineer,MI,FT,5.75E+06,GB,GB,L,50,68950.476,Data Engineering,10/26/2021
2021,Data Scientist,EN,FT,2.92E+06,FR,FR,L,50,34987.98,Data Science,3/17/2021
2021,Data Engineer,SE,FT,7.66E+06,GB,GB,L,50,91933.332,Data Engineering,1/19/2021
2021,Principal Data Analyst,SE,FT,1.35E+07,US,US,M,100,162321.78,Data Analytics,2/18/2021
2021,Data Scientist,EN,FT,7.16E+06,US,US,S,100,85935.06,Data Science,5/18/2021
2021,Data Scientist,EN,FT,2.26E+06,IN,IN,M,100,27116.328,Data Science,5/5/2021
2021,Data Analyst,MI,FT,7.40E+06,US,US,L,100,88799.568,Data Analytics,9/16/2021
2021,Data Engineer,MI,FT,1.59E+07,US,US,L,100,190966.8,Data Engineering,7/25/2021
2021,Principal Data Scientist,SE,FT,1.38E+07,DE,DE,M,100,165913.86,Data Science,10/28/2021
2021,Machine Learning Engineer,SE,FT,1.47E+07,US,US,L,50,176644.296,Machine Learning,7/18/2021
2021,Director of Data Science,EX,FT,1.13E+07,DE,DE,L,0,135439.38,Managerial,9/18/2021
2021,Data Analyst,SE,FT,5.08E+06,DE,DE,L,50,60948.012,Data Analytics,7/7/2021
2021,Data Scientist,MI,FT,1.35E+06,IN,IN,S,100,16140.516,Data Science,11/29/2021
2021,Machine Learning Engineer,SE,FT,5.27E+06,IN,IN,L,0,63272.076,Machine Learning,9/2/2021
2021,Lead Data Engineer,SE,FT,1.27E+07,PR,US,S,50,152773.44,Data Engineering,5/10/2021
2021,Data Engineer,MI,FT,8.89E+06,US,US,M,0,106726.572,Data Engineering,1/5/2021
2021,Data Engineer,MI,FT,2.23E+06,TR,TR,M,100,26750.628,Data Engineering,10/23/2021
2021,Data Engineer,EN,FT,5.17E+06,DE,DE,M,50,62076.624,Data Engineering,8/17/2021
2021,Computer Vision Engineer,SE,FT,1.50E+06,BR,BR,M,0,18053.052,Other,4/29/2021
2021,Data Science Consultant,EN,FT,6.11E+06,DE,DE,L,0,73362.756,Other,2/3/2021
2021,Data Scientist,SE,FT,6.18E+06,FR,FR,M,50,74175.324,Data Science,2/7/2021
2021,Data Scientist,EN,FT,4.62E+06,US,US,L,50,55380.372,Data Science,8/29/2021
2021,AI Scientist,SE,FT,4.38E+06,ES,ES,L,100,52515.876,Machine Learning,9/20/2021
2021,Data Scientist,SE,FT,1.61E+06,TR,TR,L,50,19259.952,Data Science,3/5/2021
2021,Business Data Analyst,EN,FT,4.70E+06,LU,LU,L,100,56432.604,Data Analytics,8/14/2021
2021,Research Scientist,EN,FT,7.96E+06,JE,CN,L,0,95483.4,Other,2/7/2021
2021,Staff Data Scientist,SE,CT,8.36E+06,US,US,M,100,100257.576,Data Science,4/13/2021
2021,Research Scientist,MI,FT,5.57E+06,CZ,CZ,L,50,66837.42,Other,4/16/2021
2021,Data Scientist,MI,FT,8.67E+06,US,US,L,50,104076.912,Data Science,3/18/2021
2022,Data Engineer,SE,FT,1.07E+07,US,US,M,100,128902.596,Data Engineering,7/19/2022
2022,Data Analyst,SE,FT,9.60E+06,US,US,M,100,115152.984,Data Analytics,11/5/2022
2022,Data Scientist,MI,FT,1.03E+07,US,US,M,0,124128.42,Data Science,6/18/2022
2022,Data Scientist,MI,FT,7.16E+06,US,US,M,0,85935.06,Data Science,8/23/2022
2022,Data Engineer,MI,FT,1.19E+07,US,US,M,100,143225.1,Data Engineering,6/27/2022
2022,Data Analyst,SE,FT,8.12E+06,US,US,M,100,97488.552,Data Analytics,4/12/2022
2022,Data Analyst,SE,FT,6.76E+06,US,US,M,100,81065.412,Data Analytics,4/16/2022
2022,Data Scientist,SE,FT,1.09E+07,US,US,M,100,130449.42,Data Science,6/23/2022
2022,Data Scientist,SE,FT,7.91E+06,US,US,M,100,94872.312,Data Science,10/3/2022
2022,Data Scientist,SE,FT,8.33E+06,GB,GB,M,0,99973.032,Data Science,8/29/2022
2022,Data Scientist,SE,FT,1.16E+07,US,US,M,100,139405.764,Data Science,10/7/2022
2022,Data Scientist,SE,FT,9.79E+06,US,US,M,100,117444.588,Data Science,4/8/2022
2022,Data Analyst,SE,FT,7.88E+06,US,US,M,0,94528.572,Data Analytics,1/16/2022
2022,Data Analyst,MI,FT,8.46E+06,US,US,M,0,101460.66,Data Analytics,3/1/2022
2022,Data Engineer,EX,FT,1.93E+07,US,US,M,100,231069.828,Data Engineering,11/17/2022
2022,Data Scientist,MI,FT,5.21E+06,GB,GB,M,0,62482.428,Data Science,3/8/2022
2022,Data Engineer,MI,FT,6.25E+06,GB,GB,M,0,74979.3,Data Engineering,2/23/2022
2022,Data Engineer,MI,FT,4.17E+06,GB,GB,M,0,49986.516,Data Engineering,7/6/2022
2022,Data Engineer,EN,FT,3.65E+06,GB,GB,M,100,43738.08,Data Engineering,6/5/2022
2022,Data Scientist,SE,FT,9.56E+06,US,US,M,100,114732.852,Data Science,4/22/2022
2022,Data Analyst,SE,FT,7.19E+06,US,US,M,100,86240.604,Data Analytics,10/6/2022
2022,Data Engineer,SE,FT,1.45E+07,US,US,M,0,173722.5,Data Engineering,7/1/2022
2022,Data Engineer,SE,FT,1.75E+07,US,US,M,0,210168.516,Data Engineering,9/4/2022
2022,Data Engineer,SE,FT,1.27E+07,US,US,M,0,152849.832,Data Engineering,2/17/2022
2022,Data Analyst,EX,FT,1.03E+07,US,US,M,100,124128.42,Data Analytics,9/17/2022
2022,Data Analyst,EX,FT,8.75E+06,US,US,M,100,105031.74,Data Analytics,1/16/2022
2022,Data Analyst,SE,FT,1.35E+07,US,US,M,100,162321.78,Data Analytics,1/15/2022
2022,Data Analyst,SE,FT,7.19E+06,US,US,M,100,86240.604,Data Analytics,7/7/2022
2022,Data Analyst,SE,FT,8.98E+06,US,US,M,100,107800.764,Data Analytics,8/8/2022
2022,Data Analyst,SE,FT,7.19E+06,US,US,M,100,86240.604,Data Analytics,8/6/2022
2022,Data Engineer,SE,FT,1.32E+07,US,US,M,100,157929.54,Data Engineering,8/18/2022
2022,Data Engineer,SE,FT,1.05E+07,US,US,M,100,126343.632,Data Engineering,3/17/2022
2022,Data Engineer,SE,FT,1.94E+07,US,US,M,100,232884.012,Data Engineering,9/28/2022
2022,Data Analyst,SE,FT,8.70E+06,US,US,M,100,104344.26,Data Analytics,2/7/2022
2022,Data Engineer,SE,FT,7.46E+06,US,US,M,100,89467.944,Data Engineering,6/12/2022
2022,Head of Data Science,EX,FT,1.34E+07,US,US,M,100,160292.76,Managerial,6/13/2022
2022,Analytics Engineer,EX,FT,1.39E+07,US,US,M,100,167095.956,Data Analytics,11/15/2022
2022,Data Engineer,SE,FT,8.66E+06,US,US,M,0,103885.944,Data Engineering,6/30/2022
2022,Data Scientist,SE,FT,7.60E+06,US,US,M,0,91234.392,Data Science,2/14/2022
2022,Data Engineer,SE,FT,8.99E+06,US,US,L,0,107896.248,Data Engineering,4/9/2022
2022,Data Analyst,SE,FT,1.07E+07,US,US,M,100,128902.596,Data Analytics,11/18/2022
2022,Data Science Manager,SE,FT,1.09E+07,US,US,M,100,130946.892,Managerial,9/29/2022
2022,Data Scientist,SE,FT,9.79E+06,US,US,M,100,117444.588,Data Science,6/24/2022
2022,Data Engineer,SE,FT,6.25E+06,GB,GB,M,0,74979.3,Data Engineering,2/12/2022
2022,Data Engineer,SE,FT,5.21E+06,GB,GB,M,0,62482.428,Data Engineering,4/20/2022
2022,Data Scientist,SE,FT,1.19E+07,US,US,M,0,143225.1,Data Science,8/20/2022
2022,Data Architect,SE,FT,1.53E+07,CA,CA,M,100,183710.064,Data Engineering,9/18/2022
2022,Data Architect,SE,FT,7.22E+06,CA,CA,M,100,86603.448,Data Engineering,4/20/2022
2022,Data Analyst,SE,FT,1.03E+07,CA,CA,M,100,124128.42,Data Analytics,1/11/2022
2022,Data Analyst,SE,FT,4.88E+06,CA,CA,M,100,58531.32,Data Analytics,8/2/2022
2022,Data Scientist,SE,FT,1.10E+07,US,US,M,100,132339.996,Data Science,4/14/2022
2022,Data Engineer,SE,FT,1.08E+07,US,US,M,0,129857.424,Data Engineering,2/15/2022
2022,Data Analyst,MI,FT,4.62E+06,US,US,S,0,55380.372,Data Analytics,6/25/2022
2022,Analytics Engineer,EX,FT,1.07E+07,US,US,M,100,128902.596,Data Analytics,10/14/2022
2022,Data Scientist,SE,FT,1.35E+07,US,US,M,100,162321.78,Data Science,9/2/2022
2022,Machine Learning Engineer,SE,FT,1.51E+07,US,US,M,0,181084.272,Machine Learning,3/2/2022
2022,Machine Learning Engineer,SE,FT,1.31E+07,US,US,M,0,157543.788,Machine Learning,2/20/2022
2022,ETL Developer,MI,FT,4.37E+06,GR,GR,M,0,52474.812,Data Engineering,7/24/2022
2022,Data Engineer,SE,FT,1.32E+07,US,US,M,100,157929.54,Data Engineering,7/27/2022
2022,Data Architect,SE,FT,1.18E+07,US,US,M,100,141124.464,Data Engineering,3/30/2022
2022,Data Engineer,SE,FT,8.08E+06,US,US,M,100,96982.488,Data Engineering,7/15/2022
2022,Data Analyst,SE,FT,1.03E+07,US,US,M,100,123054.228,Data Analytics,7/19/2022
2022,Data Analyst,SE,FT,7.46E+06,US,US,M,100,89467.944,Data Analytics,1/28/2022
2022,Head of Machine Learning,EX,FT,6.29E+06,IN,IN,L,50,75469.128,Machine Learning,5/12/2022
2022,Data Engineer,SE,FT,1.05E+07,US,US,M,100,126343.632,Data Engineering,7/23/2022
2022,Machine Learning Engineer,EN,FT,2.97E+06,GB,GB,L,100,35615.304,Machine Learning,7/20/2022
2022,Data Analyst,SE,FT,1.31E+07,US,US,M,0,156592.776,Data Analytics,5/14/2022
2022,Data Engineer,SE,FT,1.23E+07,US,US,M,100,147999.276,Data Engineering,5/21/2022
2022,Machine Learning Engineer,MI,FT,9.89E+06,GB,GB,M,0,118717.38,Machine Learning,7/8/2022
2022,AI Scientist,MI,FT,9.55E+06,US,US,M,0,114580.08,Machine Learning,9/7/2022
2022,Data Analyst,SE,FT,8.98E+06,US,US,M,100,107800.764,Data Analytics,3/30/2022
2022,Data Analyst,SE,FT,7.19E+06,US,US,M,100,86240.604,Data Analytics,1/16/2022
2022,Data Analytics Manager,SE,FT,1.15E+07,US,US,M,100,138450.936,Data Analytics,1/19/2022
2022,Data Analytics Manager,SE,FT,8.39E+06,US,US,M,100,100639.5,Data Analytics,1/24/2022
2022,Data Engineer,MI,FT,9.37E+06,GB,GB,M,0,112468.944,Data Engineering,11/7/2022
2022,Data Scientist,SE,FT,1.71E+07,US,US,L,100,205575.756,Data Science,8/25/2022
2022,Data Engineer,SE,FT,1.23E+07,US,US,L,100,147617.34,Data Engineering,4/2/2022
2022,Data Analyst,SE,FT,9.23E+06,US,US,M,0,110697.72,Data Analytics,9/24/2022
2022,Data Analyst,SE,FT,6.50E+06,US,US,M,0,77977.476,Data Analytics,1/16/2022
2022,Data Engineer,SE,FT,1.39E+07,US,US,M,100,167095.956,Data Engineering,4/23/2022
2022,Data Analyst,MI,FT,4.62E+06,US,US,S,0,55380.372,Data Analytics,11/17/2022
2022,Data Engineer,SE,FT,1.46E+07,US,US,L,100,175307.52,Data Engineering,10/27/2022
2022,Data Analyst,MI,FT,4.17E+06,GB,GB,M,100,49986.516,Data Analytics,3/21/2022
2022,Data Scientist,SE,FT,1.43E+07,US,US,M,100,171870.12,Data Science,5/14/2022
2022,Data Scientist,MI,FT,3.65E+06,GB,GB,M,0,43738.08,Data Science,10/28/2022
2022,Data Engineer,MI,FT,5.25E+06,GR,GR,M,100,62970.348,Data Engineering,10/23/2022
2022,Data Engineer,MI,FT,3.94E+06,GR,GR,M,100,47227.044,Data Engineering,5/8/2022
2022,Data Engineer,MI,FT,4.69E+06,GB,GB,M,100,56233.992,Data Engineering,3/10/2022
2022,Data Science Engineer,SE,FT,4.77E+06,AR,MX,L,100,57290.04,Other,9/9/2022
2022,Machine Learning Scientist,MI,FT,1.27E+07,US,US,L,100,152773.44,Machine Learning,2/27/2022
2022,Data Science Manager,MI,FT,1.92E+07,US,US,M,100,230115,Managerial,9/7/2022
2022,Data Science Manager,MI,FT,1.27E+07,US,US,M,100,151818.612,Managerial,4/2/2022
2022,Data Scientist,SE,FT,6.37E+06,US,US,M,0,76386.72,Data Science,11/6/2022
2022,Data Engineer,SE,FT,8.02E+06,US,US,L,100,96247.272,Data Engineering,5/1/2022
2022,Data Engineer,MI,FT,3.94E+06,ES,ES,M,100,47227.044,Data Engineering,7/13/2022
2022,Data Scientist,SE,FT,1.12E+07,US,US,L,0,134058.696,Data Science,2/28/2022
2022,Data Analyst,MI,FT,3.12E+06,GB,GB,M,100,37489.644,Data Analytics,8/8/2022
2022,Data Analyst,MI,FT,2.62E+06,ES,ES,M,100,31484.7,Data Analytics,8/9/2022
2022,Data Engineer,MI,FT,6.12E+06,ES,ES,M,100,73464.924,Data Engineering,9/24/2022
2022,Data Engineer,MI,FT,8.33E+06,GB,GB,M,100,99973.032,Data Engineering,1/15/2022
2022,Data Engineer,MI,FT,5.25E+06,ES,ES,M,100,62970.348,Data Engineering,1/13/2022
2022,Machine Learning Engineer,SE,FT,1.51E+07,US,US,M,0,181084.272,Machine Learning,2/24/2022
2022,Machine Learning Engineer,SE,FT,1.31E+07,US,US,M,0,157543.788,Machine Learning,4/30/2022
2022,Data Engineer,MI,FT,6.25E+06,GB,GB,M,100,74979.3,Data Engineering,9/26/2022
2022,Data Scientist,SE,FT,1.71E+07,US,US,L,0,205575.756,Data Science,10/8/2022
2022,Data Engineer,MI,FT,6.12E+06,GR,GR,M,100,73464.924,Data Engineering,2/21/2022
2022,Data Engineer,SE,FT,1.66E+07,US,US,L,100,199655.784,Data Engineering,6/30/2022
2022,Data Engineer,SE,FT,1.23E+07,US,US,L,100,147617.34,Data Engineering,10/10/2022
2022,Data Engineer,SE,FT,1.43E+07,US,US,M,100,171870.12,Data Engineering,3/20/2022
2022,ML Engineer,EN,FT,1.75E+06,PT,PT,L,100,20990.112,Machine Learning,10/18/2022
2022,Machine Learning Developer,MI,FT,6.27E+06,CA,CA,M,100,75232.32,Machine Learning,8/24/2022
2022,Director of Data Science,EX,FT,1.57E+07,CA,CA,L,50,188082.252,Managerial,9/24/2022
2022,Machine Learning Engineer,MI,FT,9.55E+06,US,US,S,100,114580.08,Machine Learning,2/22/2022
2022,Computer Vision Engineer,EN,FT,9.95E+06,US,US,M,0,119354.256,Other,8/21/2022
2022,NLP Engineer,MI,FT,2.96E+06,US,US,L,50,35554.2,Data Science,8/23/2022
2022,Lead Machine Learning Engineer,SE,FT,7.00E+06,DE,DE,M,0,83960.46,Machine Learning,5/21/2022
2022,Business Data Analyst,MI,FT,1.47E+06,IN,IN,M,100,17609.052,Data Analytics,3/1/2022
2022,Data Scientist,MI,FT,2.52E+06,IN,IN,L,100,30187.08,Data Science,8/2/2022
2022,Financial Data Analyst,EN,FT,7.96E+06,US,US,L,50,95483.4,Data Analytics,8/1/2022
2022,Data Scientist,EN,FT,1.47E+06,IN,IN,M,100,17609.052,Data Science,8/23/2022
2022,Principal Data Scientist,SE,FT,1.29E+07,DE,DE,M,100,155326.668,Data Science,5/2/2022
2022,Research Scientist,SE,FT,1.15E+07,US,US,L,50,137496.096,Other,9/8/2022
2022,Data Scientist,SE,FT,8.35E+06,US,US,M,100,100152.54,Data Science,8/2/2022
2022,Data Scientist,SE,FT,1.11E+07,US,US,M,100,133676.76,Data Science,7/1/2022
2022,Data Analyst,MI,FT,3.98E+06,US,US,M,100,47741.7,Data Analytics,6/7/2022
2022,Data Scientist,SE,FT,1.75E+07,US,US,M,100,210063.48,Data Science,2/16/2022
2022,Data Scientist,SE,FT,1.11E+07,US,US,M,100,133676.76,Data Science,10/18/2022
2022,Data Scientist,MI,FT,1.46E+07,GB,GB,M,0,174952.32,Data Science,10/1/2022
2022,Data Scientist,SE,FT,1.47E+07,US,US,M,100,176739.768,Data Science,1/19/2022
2022,Machine Learning Engineer,SE,FT,1.75E+07,US,US,M,100,210063.48,Machine Learning,10/16/2022
2022,Data Scientist,MI,FT,1.59E+07,US,US,M,100,190966.8,Data Science,8/16/2022
2022,Data Scientist,MI,FT,9.55E+06,US,US,M,100,114580.08,Data Science,7/28/2022
2022,Machine Learning Engineer,SE,FT,5.17E+06,AE,AE,S,100,62064.216,Machine Learning,11/3/2022
2022,Data Engineer,EX,FT,2.58E+07,US,US,M,100,309366.216,Data Engineering,8/9/2022
2022,Machine Learning Engineer,SE,FT,9.55E+06,US,US,M,100,114580.08,Machine Learning,2/16/2022
2022,Data Scientist,EN,PT,7.96E+06,DZ,DZ,M,50,95483.4,Data Science,9/1/2022
2022,Data Scientist,MI,FL,7.96E+06,CA,US,M,100,95483.4,Data Science,8/4/2022
2022,Applied Machine Learning Scientist,EN,CT,2.54E+06,TN,CZ,M,100,30435.336,Machine Learning,11/14/2022
2022,Principal Data Analyst,MI,FT,5.97E+06,CA,CA,S,100,71612.556,Data Analytics,7/26/2022
2022,Data Scientist,MI,FT,2.83E+06,PL,PL,L,100,33982.548,Data Science,7/21/2022
2022,Machine Learning Developer,SE,FT,6.27E+06,CA,CA,M,100,75232.32,Machine Learning,2/14/2022
2022,Data Engineer,EN,FT,4.62E+06,PK,DE,M,100,55413.792,Data Engineering,5/21/2022
2022,Data Scientist,SE,FT,1.31E+07,US,US,M,100,157547.616,Data Science,3/28/2022
2022,Research Scientist,SE,FT,7.43E+06,FR,FR,L,50,89207.28,Other,5/23/2022
2022,Data Scientist,EN,FT,4.17E+06,CA,CA,L,100,50029.488,Data Science,8/23/2022
2022,Head of Data,MI,FT,2.62E+06,EE,EE,S,100,31484.7,Managerial,9/27/2022
2022,Data Scientist,EN,FT,3.18E+06,JP,MY,L,100,38193.36,Data Science,7/20/2022
2022,Machine Learning Engineer,MI,FT,6.96E+06,AU,AU,L,100,83476.368,Machine Learning,4/25/2022
2022,Data Scientist,EN,FT,6.90E+06,AU,AU,M,50,82786.968,Data Science,10/8/2022
2022,Research Scientist,MI,FT,5.16E+06,AT,AT,L,0,61920.036,Other,2/9/2022
2022,Research Scientist,EN,FT,9.55E+06,US,US,L,100,114580.08,Other,1/14/2022
2022,Applied Data Scientist,MI,FT,1.25E+07,US,US,L,100,149908.944,Data Science,5/30/2022
2022,Business Data Analyst,MI,FT,5.64E+06,CA,CA,L,50,67709.184,Data Analytics,11/25/2022
2022,Data Engineer,EN,FT,5.17E+06,US,US,S,100,62064.216,Data Engineering,8/19/2022
2022,Data Analytics Engineer,EN,FT,1.59E+06,PK,PK,M,0,19096.68,Data Analytics,8/3/2022
2022,Data Scientist,MI,FT,3.82E+06,RU,US,S,100,45832.032,Data Science,9/6/2022
2022,Data Science Manager,SE,FT,1.21E+07,US,US,M,100,145612.188,Managerial,10/28/2022
2022,Data Scientist,MI,FT,9.74E+06,CH,CH,L,0,116820.12,Data Science,7/30/2022
2022,Applied Data Scientist,SE,FT,3.02E+07,US,US,L,100,362836.92,Data Science,6/27/2022
2022,Computer Vision Engineer,EN,FT,7.96E+05,PT,LU,M,100,9548.34,Other,1/23/2022
2022,Data Analytics Lead,SE,FT,3.22E+07,US,US,L,100,386707.776,Data Analytics,1/6/2022
2022,Data Scientist,MI,FT,1.07E+07,US,US,L,100,128902.596,Data Science,6/9/2022
2022,Data Scientist,MI,FT,6.21E+06,US,US,M,100,74477.052,Data Science,1/15/2022
2022,Data Analyst,SE,FT,1.07E+07,US,US,M,100,128902.596,Data Analytics,8/2/2022
2022,Data Analyst,SE,FT,7.19E+06,US,US,M,100,86240.604,Data Analytics,1/20/2022
2022,Data Analyst,MI,FT,5.97E+06,CA,CA,M,0,71612.556,Data Analytics,11/2/2022
2022,Machine Learning Engineer,SE,FT,1.53E+07,US,US,M,100,183901.032,Machine Learning,11/14/2022
2022,Data Architect,SE,FT,2.12E+07,US,US,M,100,254367.78,Data Engineering,5/15/2022
2022,Data Architect,SE,FT,1.70E+07,US,US,M,100,203494.224,Data Engineering,7/18/2022
2022,Data Analyst,SE,FT,8.98E+06,US,US,M,100,107800.764,Data Analytics,10/15/2022
2022,Data Engineer,SE,FT,1.23E+07,US,US,M,100,147999.276,Data Engineering,3/19/2022
2022,Data Scientist,MI,FT,1.12E+07,US,US,M,0,134918.04,Data Science,3/8/2022
2022,Data Scientist,MI,FT,8.12E+06,US,US,M,0,97488.552,Data Science,11/13/2022
2022,Data Analyst,SE,FT,6.50E+06,US,US,M,100,77977.476,Data Analytics,2/1/2022
2022,Data Engineer,MI,FT,1.65E+07,US,US,M,0,197363.232,Data Engineering,3/20/2022
2022,Data Engineer,MI,FT,7.89E+06,US,US,M,0,94624.044,Data Engineering,7/23/2022
2022,Data Engineer,SE,FT,1.03E+07,US,US,M,100,124128.42,Data Engineering,11/12/2022
2022,Data Engineer,SE,FT,9.15E+06,US,US,M,100,109805.916,Data Engineering,11/6/2022
2022,Data Engineer,SE,FT,1.03E+07,US,US,M,100,124128.42,Data Engineering,3/25/2022
2022,Data Analyst,SE,FT,7.88E+06,US,US,M,100,94576.308,Data Analytics,4/16/2022
2022,Data Engineer,SE,FT,1.27E+07,US,US,M,100,152773.44,Data Engineering,10/11/2022
2022,Data Scientist,SE,FT,1.40E+07,US,US,M,100,168050.784,Data Science,4/3/2022
2022,Data Scientist,SE,FT,1.15E+07,US,US,M,100,137496.096,Data Science,6/30/2022
2022,Data Engineer,SE,FT,1.59E+07,US,US,M,100,191062.284,Data Engineering,9/3/2022
2022,Data Engineer,SE,FT,1.15E+07,US,US,M,100,138450.936,Data Engineering,10/23/2022
2022,Data Engineer,SE,FT,5.61E+06,US,US,M,0,67315.8,Data Engineering,6/17/2022
2022,Data Scientist,SE,FT,1.12E+07,US,US,M,0,134058.696,Data Science,9/7/2022
2022,Analytics Engineer,SE,FT,1.47E+07,US,US,M,0,176357.844,Data Analytics,8/23/2022
2022,Data Engineer,SE,FT,1.39E+07,US,US,M,100,167191.428,Data Engineering,8/3/2022
2022,Data Engineer,SE,FT,1.12E+07,US,US,M,100,133915.464,Data Engineering,9/21/2022
2022,Data Engineer,SE,FT,4.30E+06,US,US,M,0,51561.036,Data Engineering,9/12/2022
2022,Data Analyst,SE,FT,1.35E+07,US,US,M,100,162321.78,Data Analytics,5/21/2022
2022,Data Analyst,SE,FT,6.37E+06,US,US,M,100,76386.72,Data Analytics,6/10/2022
2022,Data Scientist,SE,FT,1.11E+07,US,US,M,100,133676.76,Data Science,1/15/2022
2022,Data Scientist,SE,FT,1.11E+07,US,US,M,100,133676.76,Data Science,5/10/2022
2022,Data Analyst,SE,FT,5.49E+06,US,US,M,100,65883.552,Data Analytics,1/5/2022
2022,Data Scientist,SE,FT,1.67E+07,US,US,M,100,200515.14,Data Science,3/11/2022
2022,Data Analyst,SE,FT,1.19E+07,US,US,M,100,143296.716,Data Analytics,5/18/2022
2022,Data Engineer,SE,FT,7.96E+06,US,US,M,100,95483.4,Data Engineering,8/3/2022
2022,Data Engineer,SE,FT,1.99E+06,US,US,M,100,23870.856,Data Engineering,7/16/2022
2022,Data Analyst,SE,FT,8.46E+06,US,US,M,100,101460.66,Data Analytics,5/14/2022
2022,Data Engineer,SE,FT,1.75E+07,US,US,M,100,210168.516,Data Engineering,11/4/2022
2022,Data Engineer,SE,FT,1.27E+07,US,US,M,100,152849.832,Data Engineering,8/14/2022
2022,Data Analyst,SE,FT,8.36E+06,US,US,M,100,100257.576,Data Analytics,2/11/2022
2022,Data Analyst,MI,FT,3.65E+06,GB,GB,M,0,43738.08,Data Analytics,8/19/2022
2022,Data Scientist,SE,FT,1.11E+07,US,US,M,100,133676.76,Data Science,8/15/2022
2022,Data Architect,SE,FT,1.15E+07,US,US,M,100,138311.52,Data Engineering,3/28/2022
2022,Data Scientist,SE,FT,1.83E+07,US,US,M,100,219611.82,Data Science,10/16/2022
2022,Data Scientist,SE,FT,1.19E+07,US,US,M,100,143225.1,Data Science,1/2/2022
2022,Data Analytics Manager,SE,FT,8.70E+06,US,US,M,100,104344.26,Data Analytics,2/3/2022
2022,Data Scientist,SE,FT,1.67E+07,US,US,M,100,200515.14,Data Science,9/21/2022
2022,Data Analyst,SE,FT,1.35E+07,US,US,M,100,162321.78,Data Analytics,10/13/2022
2022,Data Scientist,MI,FT,1.03E+07,US,US,M,100,124128.42,Data Science,2/26/2022
2022,Data Analyst,EN,FT,4.14E+06,CA,CA,M,0,49651.368,Data Analytics,5/10/2022
2022,Data Engineer,SE,FT,1.23E+07,US,US,M,100,147044.436,Data Engineering,10/27/2022
2022,Data Engineer,SE,FT,1.00E+07,US,US,M,100,120309.084,Data Engineering,8/25/2022
2022,Data Analyst,SE,FT,1.03E+07,US,US,M,0,123173.592,Data Analytics,8/11/2022
2022,Data Analyst,SE,FT,1.19E+07,US,US,M,100,143225.1,Data Analytics,6/15/2022
2022,AI Scientist,MI,FT,1.59E+07,IN,US,L,100,190966.8,Machine Learning,6/10/2022
